keypoints,label
"[[207.84227268115896, 150.3919018529309], [213.00865062309154, 145.19663412209113], [202.72042201115536, 144.0816074299961], [222.79986324032728, 149.62081948833506], [196.00437262449842, 148.00919217528028], [233.940273709208, 193.46060177888296], [184.17482911425174, 193.03299880077338], [242.2457821899541, 236.50078565315994], [177.72716296190038, 236.86702162213237], [247.1984746302488, 198.33361929023093], [174.18989718827785, 200.53218487890248], [224.44238186873915, 285.57538589667877], [193.4006630506932, 286.45556681864974], [225.4332415527217, 366.13423996866373], [189.5414112511395, 365.8291720194653], [230.606865238499, 426.9991976803405], [185.17928708367933, 424.0977035490738]]",ohp
