keypoints,label
"[[197.59908101662776, 260.6032454794013], [202.64206383679365, 256.0297605153677], [192.14965697385665, 256.10383979496], [208.22582324180684, 250.37012873469175], [186.14156925256933, 248.72520411088908], [216.20292623920403, 271.0224437118816], [163.93255939602605, 265.10957998694107], [226.25971583963187, 314.526546026218], [154.81258876110562, 315.229917514349], [230.14070660557422, 363.74319640613646], [152.364223266094, 367.06155265938963], [207.43843126197865, 338.9338356541497], [176.7568885660469, 337.5160753603041], [200.9218352500218, 379.1288149827731], [175.2942753432942, 380.76204866976354], [204.55643887827154, 418.3764913721541], [183.30031571417987, 428.97601682777963]]",nothing
"[[194.74732603203978, 276.4774419661619], [199.99612688150825, 272.46526868824157], [190.0112861902947, 272.80553264578265], [206.23762245733377, 260.1002135048785], [179.8636809208289, 261.1077649677618], [218.40581774959446, 276.4726914387979], [161.82195471131132, 272.1588289415514], [226.70127150918245, 321.071579153969], [159.08958014728125, 325.3945902826385], [229.73436402184058, 370.75973647547863], [151.72854084482807, 372.48288866388083], [212.6915588696137, 328.4029886281416], [177.76641925010762, 325.4410457214546], [204.5434849673646, 380.5992400076186], [182.97743450331342, 376.52061684463723], [205.9336050632342, 425.09563003904856], [186.6149466151755, 427.67744797926684]]",nothing
"[[191.80321544718595, 281.6487568084019], [196.56687491648907, 276.02027211020743], [187.2712876841333, 277.356144792077], [203.71438088882988, 268.05712180425127], [179.68253633336565, 270.51849920387826], [218.74888473637637, 286.3948251006509], [165.29806246380798, 285.0501125914639], [227.78931476965764, 333.9227301663024], [160.16371631820584, 335.5204682340245], [229.69555136071918, 379.219269306397], [151.08967025661667, 381.8583577685446], [214.10935336487705, 367.56103797167106], [182.99715732090687, 367.9893861937176], [218.86609349082266, 393.72982849945896], [184.63420273112658, 390.9269509345231], [197.74832720568176, 428.78255824289306], [190.8862704794521, 426.97539101519357]]",nothing
