keypoints,label
"[[206.22229625678114, 158.93230220136425], [211.30890757031352, 153.0536336363477], [200.5768076297895, 153.59230794926444], [220.13389246379512, 158.69527844530134], [194.3772736309472, 158.0063007973336], [231.99982293678173, 199.78162997911477], [183.2314816433278, 200.76365802986956], [241.3396756019513, 243.65105698361467], [174.47915245738199, 244.88850789853294], [252.10836573103114, 216.76868708366666], [169.4648228663169, 213.2712074723908], [219.90874205210602, 290.64562910559766], [191.3168058573828, 288.1337877618548], [218.23444782820167, 354.93528124200583], [189.20249899311028, 353.53612503242095], [224.11478482759918, 416.76839523156815], [184.74620493930493, 419.70209768061335]]",ohp
