keypoints,label
"[[216.22147530379266, 93.30358029403212], [222.70768001025036, 86.87080712427469], [209.85280649577754, 87.37275307986444], [231.59040321679225, 91.72647113363857], [200.10977655091554, 93.46220200869745], [242.17217974752003, 135.1477980861545], [189.35526334322418, 135.20705625569747], [257.6833901435075, 180.61761994867464], [179.6530993217738, 185.68973184375406], [272.8555876599032, 147.91339350837185], [164.53219178808456, 147.17631330113403], [231.53831668802212, 240.56929857963834], [196.1642917625126, 241.3554568300624], [235.709563114539, 328.9612303652535], [193.78211195900138, 325.73828677377685], [241.82247768568647, 401.1095950608442], [182.5288506902429, 401.5930095482269]]",squat
