keypoints,label
"[[219.62288461950862, 104.54523340332285], [227.44758213384236, 97.10442623328767], [212.60107084024474, 96.66671995809321], [236.99280526682642, 100.44459004164239], [204.26803021817594, 98.965067315746], [253.76801877408417, 144.1104030410862], [185.32376874261487, 139.2291980077224], [280.48170926417237, 129.79748541500862], [147.04861412920724, 118.32753932897366], [288.35739663137963, 73.07488506896085], [144.36470396553406, 67.23001630291374], [235.95578482146075, 272.76530880442283], [194.8624167769466, 271.30436005066935], [240.25866345903236, 370.2087927756835], [191.56068179314946, 367.38547465905333], [248.52939950701105, 445.7221655736594], [180.73899631936436, 450.5237274011307]]",nothing
