keypoints,label
"[[187.426230020186, 142.50282438282164], [192.3704915631586, 137.1741282469022], [182.52015559936018, 137.1391872854094], [199.24817957650103, 138.4273953348584], [176.50939025403062, 139.12195425767166], [212.80821445330267, 168.60787214211763], [167.4362811378035, 172.8733512814972], [221.25567220104955, 216.83177234229328], [153.93962681665244, 219.619611196855], [197.58496140739774, 231.31464870952522], [169.19849518678788, 229.2332877240409], [204.01106257448575, 270.8278708547168], [172.51469142223843, 272.624128821486], [203.94548755177837, 345.70371088515697], [171.5254114472197, 338.9824081111599], [202.2530110610994, 408.15100699601203], [171.75952114335217, 393.8857542501914]]",nothing
