keypoints,label
"[[213.3556869570282, 114.19923488910382], [218.17608038253945, 107.64142480560747], [207.7685701128351, 107.09779277412908], [229.09336848467157, 100.1824290179909], [201.70670462745144, 98.48349295138323], [242.83044898336496, 133.34251937152442], [190.0140371738997, 129.61163738908988], [253.37721949555524, 183.19092272720815], [175.57956076957086, 178.2321196336013], [228.47703935698513, 178.39103726488142], [194.3323066973141, 179.06369885387144], [232.36908139409246, 233.02144642431375], [196.46297745298202, 232.55120660807637], [231.75711393851998, 336.88214018538196], [193.93666568764036, 338.96915927498355], [233.54851753448995, 399.5461198743317], [194.66787663418143, 405.9434631014564]]",nothing
