keypoints,label
"[[225.22800231426027, 154.11718174226567], [229.1210151263929, 147.19809415186765], [218.03977633216525, 147.65847596705828], [239.67311040279526, 151.84238100745821], [209.77401435994807, 153.2309327948366], [252.63544923302538, 198.39813196237768], [199.71092867039593, 197.9684014330287], [261.904843383916, 243.09844633645676], [189.53163460237818, 246.56609239796344], [259.58154900406106, 278.01177010962476], [182.82382949226366, 218.23653659305057], [240.00069158240814, 293.3083120849673], [210.093340606055, 293.9551704390877], [241.224694400716, 365.2611611538766], [206.03134974124774, 365.9882882915887], [248.63677708869665, 430.1480825626429], [201.0188305947984, 434.4706625799627]]",ohp
