keypoints,label
"[[194.19560164770814, 126.14607464003217], [200.21921346688222, 121.15429146621926], [189.60299065603786, 120.72859484539707], [212.03319446460623, 126.9940348524066], [184.69901987024258, 126.6310928765057], [226.51681632361147, 173.09023535920775], [167.94401778996362, 173.38190752850255], [245.22487239877302, 219.40959169066622], [151.81403051047218, 220.392053687399], [250.3533541784465, 179.97212023348422], [149.204422679116, 174.7110826805575], [217.66131236498668, 286.36024003217227], [180.25903047494236, 286.19468633449503], [221.39766855695888, 377.7423023929715], [178.01015243213044, 379.9676052497975], [222.7206269817392, 452.1054686231078], [175.26088484607467, 449.18308238229736]]",ohp
