keypoints,label
"[[149.73825030416066, 145.77202390484405], [154.46866128647898, 137.46222091563774], [145.6761013197552, 141.1846377993324], [169.54163057640537, 136.47312086981697], [144.8691183712775, 143.30565656792845], [196.5030062471259, 167.65055401161655], [147.01753544956136, 180.969728005899], [208.95789913724715, 225.11952136509632], [141.57993431646463, 236.83738956332456], [206.25734378790906, 282.7422227284517], [172.71989348524573, 233.9816823322907], [194.0929493140778, 285.35490075664563], [157.66704801214462, 285.1731583878801], [204.85706190557343, 365.8100736100932], [157.82263967946267, 368.62409759212187], [206.99089282267803, 427.1697006701432], [158.9684025413529, 434.55377338829754]]",nothing
