keypoints,label
"[[207.60249843716375, 161.97312696064338], [213.54700869681187, 156.64702988463975], [203.25624298405003, 156.19770652786858], [223.37224726369624, 159.63627147079754], [198.16369859195797, 157.7442678741011], [232.29539976794112, 199.13779580171789], [189.12609203441724, 196.4465000525334], [239.6246742557835, 248.74792475710294], [178.7898575193917, 248.35219155230297], [246.81223157537704, 292.77523391707774], [171.48384928951145, 292.9727069553368], [225.64734242810036, 296.4326425798222], [192.28342218855067, 296.27478791869356], [228.59306841035396, 366.19723837613566], [187.02379036346247, 367.52794859562994], [235.06584509494647, 423.12921952309085], [177.89436724974064, 428.4190194770353]]",nothing
