keypoints,label
"[[171.6912114942396, 142.8509353352188], [176.81913911181033, 137.64706569996792], [167.13840029591583, 137.20086929456113], [185.8017082769509, 138.0111625933102], [160.71739761844248, 137.1614774398645], [198.89728827189012, 169.41464021647053], [146.2739421027614, 173.68817478108556], [208.36019317722125, 225.874391761986], [128.36145313762577, 224.39427881379635], [212.6560488758365, 188.73069985244973], [131.26138069525578, 185.135490433342], [188.38962051328156, 274.14739801085665], [155.54544187137344, 273.33420130914067], [193.65902799578566, 355.97616223436387], [160.7469045198881, 350.0177141534564], [199.85916783061197, 412.5739204660523], [169.47403073063018, 409.3123116760889]]",ohp
