keypoints,label
"[[226.82317031892075, 110.221378025047], [231.31933479943544, 102.8358673603272], [219.66791450357735, 102.93868277028297], [233.89843583354832, 101.17183727930589], [201.71278628390942, 100.70784913527], [241.06188772126197, 137.43762860922706], [180.8067666765558, 137.0802480812628], [252.7371493793575, 177.4084087221142], [165.92845419836144, 172.78126718596462], [271.80845722587094, 150.57961509530114], [155.57129715187884, 142.56132367742782], [233.42094488302538, 262.60872045822305], [194.07408004491097, 265.0307394610621], [246.06028316918133, 364.21494312940666], [184.37915036683273, 362.96450249122734], [250.41987345768857, 443.1017213452631], [175.54103708564617, 447.6817809122764]]",squat
