keypoints,label
"[[241.47813781135545, 113.73260561492984], [247.1497301748042, 107.94680182998245], [235.09442062734814, 106.94722673253558], [255.5942267737121, 109.10412576243189], [224.3756861300082, 107.22424086810646], [266.1483713160434, 143.77810999658152], [210.2297071111921, 145.28845947646303], [279.25892431374155, 189.26150982196515], [195.17078816023292, 188.30481586733876], [297.0066348133365, 156.991924912419], [188.7700066992746, 149.4459233512006], [261.0862919297883, 269.9981429720619], [222.7886481493278, 269.58046336183924], [271.0976575863337, 357.76869125524826], [209.9412315352791, 353.3821631370116], [275.1689333925624, 421.93591619479685], [200.76433214477095, 429.0124591819462]]",squat
