keypoints,label
"[[225.11545982281532, 122.00665126967084], [232.84604232090288, 114.11606893717871], [218.8264723874923, 113.36868765944007], [243.511197968481, 115.26067043788221], [208.52672731554188, 112.187788045332], [248.71587158488634, 152.93935232499533], [193.95324891421504, 148.73545878642315], [261.036188339741, 200.5090831223248], [172.9353376337, 195.42728541051028], [288.6428198546729, 164.91896521276843], [157.86541524399343, 155.94706267676088], [240.35706242503844, 269.5708133574583], [203.85401957743878, 270.1022419265303], [233.4858017379182, 384.20523328245804], [179.1494789837304, 384.8707750284746], [229.3950180501799, 456.236623181127], [168.23228295280632, 458.9259272553569]]",squat
