keypoints,label
"[[246.92886534946626, 104.78214216331435], [253.9081613140146, 97.0365840035516], [239.7880990391214, 97.52127162631982], [261.3711029972703, 99.64804828414799], [229.31786262567724, 100.23497063627858], [277.95883821102785, 145.6119563128497], [217.76384325880025, 144.62795872202534], [293.8674839519414, 189.32579460857812], [200.62585593261244, 189.93758163927995], [306.19717437363465, 150.87796645451982], [187.66715075518636, 162.72346294347562], [263.10697018232764, 261.83626954124276], [223.69229025255868, 258.8107694954981], [262.15177687686594, 354.33194047448046], [218.46957712312252, 351.7395285211829], [272.62076667341523, 424.612289159065], [206.2099475622673, 429.4526859529301]]",squat
