keypoints,label
"[[519.2052460509874, 237.5932404008576], [522.2740550051112, 235.82363376498472], [519.518550864872, 236.6806823845465], [521.3363512637958, 236.26698947002387], [517.6158417287339, 238.53504533827183], [521.0272953564809, 271.90339738762555], [519.3076599660386, 270.21549446914895], [523.146333912554, 301.81992673576497], [524.2156268653156, 301.07711122338344], [521.7388077733918, 327.65763812154347], [524.2381264414956, 327.50985230824557], [515.1916353221743, 368.99686181867446], [520.227513541303, 338.7455132300046], [504.77568572871155, 402.08858759636195], [510.4267731030121, 402.53327889154957], [511.44455277250614, 499.3373651266594], [494.59570807379646, 475.2948556769167]]",nothing
