keypoints,label
"[[231.67948192469544, 90.76675109704667], [237.81082089874207, 84.37230433347072], [224.86285261205725, 83.78975802796299], [245.96234319611548, 89.8306067421134], [215.3993763199963, 87.97358871745469], [258.35790059174917, 136.57418308535634], [200.00916651281648, 139.806379647364], [266.642467829393, 190.31215854097553], [188.86657861562875, 190.7454914957471], [277.1193193051027, 144.1691253884171], [183.55905687486805, 146.83937976860952], [248.93798748817366, 246.95368764801978], [210.03543611871478, 246.98542458103998], [250.3679388526076, 333.56570069854325], [204.11932592332488, 336.9059022399839], [255.0087282414744, 398.22235424652416], [199.78935523984836, 402.53901134657514]]",ohp
