keypoints,label
"[[224.69243785199902, 159.06395337190054], [229.34686047123773, 153.18196429532185], [218.65597088470778, 152.67856800134862], [235.93191694073272, 158.40707846342156], [208.66954549682364, 157.1090394890482], [248.64903804913877, 202.69278379587027], [196.9628386091046, 204.22829659713778], [262.13830597931036, 243.66692049339755], [193.4697776723057, 251.3754243910189], [272.6191190572886, 216.37931831661234], [183.96963448633525, 218.48207204108922], [238.16261668215176, 294.8520679235954], [208.365839880866, 294.99919003111904], [236.80596688680987, 362.13893949861585], [206.03445364383057, 362.92959548331595], [241.03768947466497, 423.0873302213863], [201.59940833609218, 423.0066366849967]]",ohp
