keypoints,label
"[[207.5617457130099, 69.26529571073219], [214.58122784779127, 62.61263666926204], [201.06964262508305, 63.025011094345125], [224.1645047669599, 69.67963969137466], [190.685261311997, 71.04550230775703], [233.4542949829181, 122.93117408197288], [173.9178734856683, 120.98229699719721], [257.3255412048213, 176.06581769217573], [156.31528901954698, 190.83103172000878], [241.4213743626204, 231.03273534477378], [174.64514135570883, 243.10470470023998], [228.43538797818698, 257.4465666392241], [184.72025250694608, 257.69388551771516], [239.74534577986307, 354.1590478464868], [190.1733820750659, 348.64588735505106], [248.35243443193656, 427.99655860773987], [190.66591520567198, 415.4819748257897]]",nothing
