keypoints,label
"[[235.0005345136361, 113.31342114232434], [239.89837035815583, 105.27603591554131], [226.86576248454455, 105.03740370149673], [249.13103119499223, 101.22413632775543], [217.6765780934673, 100.20045124443554], [262.9982817941297, 138.2657668694637], [206.41895837446756, 141.27898166680288], [279.30248998059056, 186.923031003956], [190.63973377251577, 193.83296698889467], [296.37784596044656, 147.2139953327774], [171.86467067615408, 154.10239483363415], [256.5648481404707, 281.66388077448414], [216.51959766221395, 280.3487410912147], [266.4500879832464, 370.4824170055112], [202.59554619105097, 368.5649474792322], [273.6543201359295, 439.8027140484531], [194.25799445154266, 449.3630383465741]]",squat
