keypoints,label
"[[191.69417438784657, 77.11391587762972], [198.3586549758911, 68.88204329722637], [184.45928181035603, 68.01623291880078], [207.12531083834642, 68.64420812491815], [176.42162247655793, 68.51153177927537], [217.8971643507357, 110.03802273724531], [166.01715470797802, 108.32310119438569], [241.12447631582154, 145.94881450312053], [150.91673103538722, 147.01802616555577], [253.13052813872974, 113.80001115699817], [136.00182929802338, 120.53221129578019], [216.26326150557108, 242.55354934819277], [176.4392089447212, 239.73938977644005], [218.17796096484528, 341.1778243812355], [172.37312233621515, 341.1137884223288], [219.61188465047033, 419.35228260539924], [169.06432005075308, 419.555813755662]]",squat
